"param_queue_name","avg(time_ms)"
billing,"1.3280689655172415"
"checkout_completion","5.503983869381328"
collections,"0.2470952782462054"
default,"0.9751553541872409"
lhm,"0.019292307692307692"
low,"1.1405322670027933"
maintenance,"1.212230636237896"
payment,"3.810231837764"
realtime,"1.216024840863222"
"sales_model_priority","56.6731"
"shipping_rates","0.49350000000000005"
webhook,"0.6258409937126508"
